,Chunk Filename,lie
0,"/Users/milanvaghani/Desktop/Unstructed Machine Learning/VP Kamala Harris full speech at 2024 DNC (Aug. 22, 2024)_chunk0.wav",False
1,"/Users/milanvaghani/Desktop/Unstructed Machine Learning/VP Kamala Harris full speech at 2024 DNC (Aug. 22, 2024)_chunk1.wav",False
2,"/Users/milanvaghani/Desktop/Unstructed Machine Learning/VP Kamala Harris full speech at 2024 DNC (Aug. 22, 2024)_chunk2.wav",False
3,"/Users/milanvaghani/Desktop/Unstructed Machine Learning/VP Kamala Harris full speech at 2024 DNC (Aug. 22, 2024)_chunk3.wav",False
4,"/Users/milanvaghani/Desktop/Unstructed Machine Learning/VP Kamala Harris full speech at 2024 DNC (Aug. 22, 2024)_chunk4.wav",False
5,"/Users/milanvaghani/Desktop/Unstructed Machine Learning/VP Kamala Harris full speech at 2024 DNC (Aug. 22, 2024)_chunk5.wav",False
6,"/Users/milanvaghani/Desktop/Unstructed Machine Learning/VP Kamala Harris full speech at 2024 DNC (Aug. 22, 2024)_chunk6.wav",False
7,"/Users/milanvaghani/Desktop/Unstructed Machine Learning/VP Kamala Harris full speech at 2024 DNC (Aug. 22, 2024)_chunk7.wav",False
8,"/Users/milanvaghani/Desktop/Unstructed Machine Learning/VP Kamala Harris full speech at 2024 DNC (Aug. 22, 2024)_chunk8.wav",False
9,"/Users/milanvaghani/Desktop/Unstructed Machine Learning/VP Kamala Harris full speech at 2024 DNC (Aug. 22, 2024)_chunk9.wav",False
10,"/Users/milanvaghani/Desktop/Unstructed Machine Learning/VP Kamala Harris full speech at 2024 DNC (Aug. 22, 2024)_chunk10.wav",False
11,"/Users/milanvaghani/Desktop/Unstructed Machine Learning/VP Kamala Harris full speech at 2024 DNC (Aug. 22, 2024)_chunk11.wav",False
12,"/Users/milanvaghani/Desktop/Unstructed Machine Learning/VP Kamala Harris full speech at 2024 DNC (Aug. 22, 2024)_chunk12.wav",False
13,"/Users/milanvaghani/Desktop/Unstructed Machine Learning/VP Kamala Harris full speech at 2024 DNC (Aug. 22, 2024)_chunk13.wav",False
14,"/Users/milanvaghani/Desktop/Unstructed Machine Learning/VP Kamala Harris full speech at 2024 DNC (Aug. 22, 2024)_chunk14.wav",False
15,"/Users/milanvaghani/Desktop/Unstructed Machine Learning/VP Kamala Harris full speech at 2024 DNC (Aug. 22, 2024)_chunk15.wav",False
16,"/Users/milanvaghani/Desktop/Unstructed Machine Learning/VP Kamala Harris full speech at 2024 DNC (Aug. 22, 2024)_chunk16.wav",False
17,"/Users/milanvaghani/Desktop/Unstructed Machine Learning/VP Kamala Harris full speech at 2024 DNC (Aug. 22, 2024)_chunk17.wav",False
18,"/Users/milanvaghani/Desktop/Unstructed Machine Learning/VP Kamala Harris full speech at 2024 DNC (Aug. 22, 2024)_chunk18.wav",False
19,"/Users/milanvaghani/Desktop/Unstructed Machine Learning/VP Kamala Harris full speech at 2024 DNC (Aug. 22, 2024)_chunk19.wav",False
20,"/Users/milanvaghani/Desktop/Unstructed Machine Learning/VP Kamala Harris full speech at 2024 DNC (Aug. 22, 2024)_chunk20.wav",False
21,"/Users/milanvaghani/Desktop/Unstructed Machine Learning/VP Kamala Harris full speech at 2024 DNC (Aug. 22, 2024)_chunk21.wav",False
22,"/Users/milanvaghani/Desktop/Unstructed Machine Learning/VP Kamala Harris full speech at 2024 DNC (Aug. 22, 2024)_chunk22.wav",False
23,"/Users/milanvaghani/Desktop/Unstructed Machine Learning/VP Kamala Harris full speech at 2024 DNC (Aug. 22, 2024)_chunk23.wav",False
24,"/Users/milanvaghani/Desktop/Unstructed Machine Learning/VP Kamala Harris full speech at 2024 DNC (Aug. 22, 2024)_chunk24.wav",False
25,"/Users/milanvaghani/Desktop/Unstructed Machine Learning/VP Kamala Harris full speech at 2024 DNC (Aug. 22, 2024)_chunk25.wav",False
26,"/Users/milanvaghani/Desktop/Unstructed Machine Learning/VP Kamala Harris full speech at 2024 DNC (Aug. 22, 2024)_chunk26.wav",False
27,"/Users/milanvaghani/Desktop/Unstructed Machine Learning/VP Kamala Harris full speech at 2024 DNC (Aug. 22, 2024)_chunk27.wav",False
28,"/Users/milanvaghani/Desktop/Unstructed Machine Learning/VP Kamala Harris full speech at 2024 DNC (Aug. 22, 2024)_chunk28.wav",False
29,"/Users/milanvaghani/Desktop/Unstructed Machine Learning/VP Kamala Harris full speech at 2024 DNC (Aug. 22, 2024)_chunk29.wav",False
30,"/Users/milanvaghani/Desktop/Unstructed Machine Learning/VP Kamala Harris full speech at 2024 DNC (Aug. 22, 2024)_chunk30.wav",False
31,"/Users/milanvaghani/Desktop/Unstructed Machine Learning/VP Kamala Harris full speech at 2024 DNC (Aug. 22, 2024)_chunk31.wav",False
32,"/Users/milanvaghani/Desktop/Unstructed Machine Learning/VP Kamala Harris full speech at 2024 DNC (Aug. 22, 2024)_chunk32.wav",False
33,"/Users/milanvaghani/Desktop/Unstructed Machine Learning/VP Kamala Harris full speech at 2024 DNC (Aug. 22, 2024)_chunk33.wav",False
34,"/Users/milanvaghani/Desktop/Unstructed Machine Learning/VP Kamala Harris full speech at 2024 DNC (Aug. 22, 2024)_chunk34.wav",False
35,"/Users/milanvaghani/Desktop/Unstructed Machine Learning/VP Kamala Harris full speech at 2024 DNC (Aug. 22, 2024)_chunk35.wav",False
36,"/Users/milanvaghani/Desktop/Unstructed Machine Learning/VP Kamala Harris full speech at 2024 DNC (Aug. 22, 2024)_chunk36.wav",False
37,"/Users/milanvaghani/Desktop/Unstructed Machine Learning/VP Kamala Harris full speech at 2024 DNC (Aug. 22, 2024)_chunk37.wav",True
38,"/Users/milanvaghani/Desktop/Unstructed Machine Learning/VP Kamala Harris full speech at 2024 DNC (Aug. 22, 2024)_chunk38.wav",False
39,"/Users/milanvaghani/Desktop/Unstructed Machine Learning/VP Kamala Harris full speech at 2024 DNC (Aug. 22, 2024)_chunk39.wav",True
40,"/Users/milanvaghani/Desktop/Unstructed Machine Learning/VP Kamala Harris full speech at 2024 DNC (Aug. 22, 2024)_chunk40.wav",True
41,"/Users/milanvaghani/Desktop/Unstructed Machine Learning/VP Kamala Harris full speech at 2024 DNC (Aug. 22, 2024)_chunk41.wav",True
42,"/Users/milanvaghani/Desktop/Unstructed Machine Learning/VP Kamala Harris full speech at 2024 DNC (Aug. 22, 2024)_chunk42.wav",False
43,"/Users/milanvaghani/Desktop/Unstructed Machine Learning/VP Kamala Harris full speech at 2024 DNC (Aug. 22, 2024)_chunk43.wav",False
44,"/Users/milanvaghani/Desktop/Unstructed Machine Learning/VP Kamala Harris full speech at 2024 DNC (Aug. 22, 2024)_chunk44.wav",False
45,"/Users/milanvaghani/Desktop/Unstructed Machine Learning/VP Kamala Harris full speech at 2024 DNC (Aug. 22, 2024)_chunk45.wav",True
46,"/Users/milanvaghani/Desktop/Unstructed Machine Learning/VP Kamala Harris full speech at 2024 DNC (Aug. 22, 2024)_chunk46.wav",False
47,"/Users/milanvaghani/Desktop/Unstructed Machine Learning/VP Kamala Harris full speech at 2024 DNC (Aug. 22, 2024)_chunk47.wav",True
48,"/Users/milanvaghani/Desktop/Unstructed Machine Learning/VP Kamala Harris full speech at 2024 DNC (Aug. 22, 2024)_chunk48.wav",False
49,"/Users/milanvaghani/Desktop/Unstructed Machine Learning/VP Kamala Harris full speech at 2024 DNC (Aug. 22, 2024)_chunk49.wav",False
50,"/Users/milanvaghani/Desktop/Unstructed Machine Learning/VP Kamala Harris full speech at 2024 DNC (Aug. 22, 2024)_chunk50.wav",False
51,"/Users/milanvaghani/Desktop/Unstructed Machine Learning/VP Kamala Harris full speech at 2024 DNC (Aug. 22, 2024)_chunk51.wav",False
52,"/Users/milanvaghani/Desktop/Unstructed Machine Learning/VP Kamala Harris full speech at 2024 DNC (Aug. 22, 2024)_chunk52.wav",True
53,"/Users/milanvaghani/Desktop/Unstructed Machine Learning/VP Kamala Harris full speech at 2024 DNC (Aug. 22, 2024)_chunk53.wav",True
54,"/Users/milanvaghani/Desktop/Unstructed Machine Learning/VP Kamala Harris full speech at 2024 DNC (Aug. 22, 2024)_chunk54.wav",False
55,"/Users/milanvaghani/Desktop/Unstructed Machine Learning/VP Kamala Harris full speech at 2024 DNC (Aug. 22, 2024)_chunk55.wav",False
56,"/Users/milanvaghani/Desktop/Unstructed Machine Learning/VP Kamala Harris full speech at 2024 DNC (Aug. 22, 2024)_chunk56.wav",True
57,"/Users/milanvaghani/Desktop/Unstructed Machine Learning/VP Kamala Harris full speech at 2024 DNC (Aug. 22, 2024)_chunk57.wav",True
58,"/Users/milanvaghani/Desktop/Unstructed Machine Learning/VP Kamala Harris full speech at 2024 DNC (Aug. 22, 2024)_chunk58.wav",False
59,"/Users/milanvaghani/Desktop/Unstructed Machine Learning/VP Kamala Harris full speech at 2024 DNC (Aug. 22, 2024)_chunk59.wav",False
60,"/Users/milanvaghani/Desktop/Unstructed Machine Learning/VP Kamala Harris full speech at 2024 DNC (Aug. 22, 2024)_chunk60.wav",False
61,"/Users/milanvaghani/Desktop/Unstructed Machine Learning/VP Kamala Harris full speech at 2024 DNC (Aug. 22, 2024)_chunk61.wav",False
62,"/Users/milanvaghani/Desktop/Unstructed Machine Learning/VP Kamala Harris full speech at 2024 DNC (Aug. 22, 2024)_chunk62.wav",False
63,"/Users/milanvaghani/Desktop/Unstructed Machine Learning/VP Kamala Harris full speech at 2024 DNC (Aug. 22, 2024)_chunk63.wav",True
64,"/Users/milanvaghani/Desktop/Unstructed Machine Learning/VP Kamala Harris full speech at 2024 DNC (Aug. 22, 2024)_chunk64.wav",False
65,"/Users/milanvaghani/Desktop/Unstructed Machine Learning/VP Kamala Harris full speech at 2024 DNC (Aug. 22, 2024)_chunk65.wav",False
66,"/Users/milanvaghani/Desktop/Unstructed Machine Learning/VP Kamala Harris full speech at 2024 DNC (Aug. 22, 2024)_chunk66.wav",False
67,"/Users/milanvaghani/Desktop/Unstructed Machine Learning/VP Kamala Harris full speech at 2024 DNC (Aug. 22, 2024)_chunk67.wav",False
68,"/Users/milanvaghani/Desktop/Unstructed Machine Learning/VP Kamala Harris full speech at 2024 DNC (Aug. 22, 2024)_chunk68.wav",False
69,"/Users/milanvaghani/Desktop/Unstructed Machine Learning/VP Kamala Harris full speech at 2024 DNC (Aug. 22, 2024)_chunk69.wav",False
70,"/Users/milanvaghani/Desktop/Unstructed Machine Learning/VP Kamala Harris full speech at 2024 DNC (Aug. 22, 2024)_chunk70.wav",False
71,"/Users/milanvaghani/Desktop/Unstructed Machine Learning/VP Kamala Harris full speech at 2024 DNC (Aug. 22, 2024)_chunk71.wav",False
72,"/Users/milanvaghani/Desktop/Unstructed Machine Learning/VP Kamala Harris full speech at 2024 DNC (Aug. 22, 2024)_chunk72.wav",False
73,"/Users/milanvaghani/Desktop/Unstructed Machine Learning/VP Kamala Harris full speech at 2024 DNC (Aug. 22, 2024)_chunk73.wav",False
74,"/Users/milanvaghani/Desktop/Unstructed Machine Learning/VP Kamala Harris full speech at 2024 DNC (Aug. 22, 2024)_chunk74.wav",False
75,"/Users/milanvaghani/Desktop/Unstructed Machine Learning/VP Kamala Harris full speech at 2024 DNC (Aug. 22, 2024)_chunk75.wav",False
76,"/Users/milanvaghani/Desktop/Unstructed Machine Learning/VP Kamala Harris full speech at 2024 DNC (Aug. 22, 2024)_chunk76.wav",False
77,"/Users/milanvaghani/Desktop/Unstructed Machine Learning/VP Kamala Harris full speech at 2024 DNC (Aug. 22, 2024)_chunk77.wav",False
78,"/Users/milanvaghani/Desktop/Unstructed Machine Learning/VP Kamala Harris full speech at 2024 DNC (Aug. 22, 2024)_chunk78.wav",False
79,"/Users/milanvaghani/Desktop/Unstructed Machine Learning/VP Kamala Harris full speech at 2024 DNC (Aug. 22, 2024)_chunk79.wav",False
80,/Users/milanvaghani/Desktop/Unstructed Machine Learning/Audio Files/Donald Trump speaks at the RNC： FULL SPEECH_chunk0.wav,False
81,/Users/milanvaghani/Desktop/Unstructed Machine Learning/Audio Files/Donald Trump speaks at the RNC： FULL SPEECH_chunk1.wav,False
82,/Users/milanvaghani/Desktop/Unstructed Machine Learning/Audio Files/Donald Trump speaks at the RNC： FULL SPEECH_chunk2.wav,False
83,/Users/milanvaghani/Desktop/Unstructed Machine Learning/Audio Files/Donald Trump speaks at the RNC： FULL SPEECH_chunk3.wav,False
84,/Users/milanvaghani/Desktop/Unstructed Machine Learning/Audio Files/Donald Trump speaks at the RNC： FULL SPEECH_chunk4.wav,False
85,/Users/milanvaghani/Desktop/Unstructed Machine Learning/Audio Files/Donald Trump speaks at the RNC： FULL SPEECH_chunk5.wav,False
86,/Users/milanvaghani/Desktop/Unstructed Machine Learning/Audio Files/Donald Trump speaks at the RNC： FULL SPEECH_chunk6.wav,False
87,/Users/milanvaghani/Desktop/Unstructed Machine Learning/Audio Files/Donald Trump speaks at the RNC： FULL SPEECH_chunk7.wav,False
88,/Users/milanvaghani/Desktop/Unstructed Machine Learning/Audio Files/Donald Trump speaks at the RNC： FULL SPEECH_chunk8.wav,True
89,/Users/milanvaghani/Desktop/Unstructed Machine Learning/Audio Files/Donald Trump speaks at the RNC： FULL SPEECH_chunk9.wav,False
90,/Users/milanvaghani/Desktop/Unstructed Machine Learning/Audio Files/Donald Trump speaks at the RNC： FULL SPEECH_chunk10.wav,False
91,/Users/milanvaghani/Desktop/Unstructed Machine Learning/Audio Files/Donald Trump speaks at the RNC： FULL SPEECH_chunk11.wav,False
92,/Users/milanvaghani/Desktop/Unstructed Machine Learning/Audio Files/Donald Trump speaks at the RNC： FULL SPEECH_chunk12.wav,False
93,/Users/milanvaghani/Desktop/Unstructed Machine Learning/Audio Files/Donald Trump speaks at the RNC： FULL SPEECH_chunk13.wav,False
94,/Users/milanvaghani/Desktop/Unstructed Machine Learning/Audio Files/Donald Trump speaks at the RNC： FULL SPEECH_chunk14.wav,False
95,/Users/milanvaghani/Desktop/Unstructed Machine Learning/Audio Files/Donald Trump speaks at the RNC： FULL SPEECH_chunk15.wav,False
96,/Users/milanvaghani/Desktop/Unstructed Machine Learning/Audio Files/Donald Trump speaks at the RNC： FULL SPEECH_chunk16.wav,False
97,/Users/milanvaghani/Desktop/Unstructed Machine Learning/Audio Files/Donald Trump speaks at the RNC： FULL SPEECH_chunk17.wav,False
98,/Users/milanvaghani/Desktop/Unstructed Machine Learning/Audio Files/Donald Trump speaks at the RNC： FULL SPEECH_chunk18.wav,False
99,/Users/milanvaghani/Desktop/Unstructed Machine Learning/Audio Files/Donald Trump speaks at the RNC： FULL SPEECH_chunk19.wav,False
100,/Users/milanvaghani/Desktop/Unstructed Machine Learning/Audio Files/Donald Trump speaks at the RNC： FULL SPEECH_chunk20.wav,False
101,/Users/milanvaghani/Desktop/Unstructed Machine Learning/Audio Files/Donald Trump speaks at the RNC： FULL SPEECH_chunk21.wav,False
102,/Users/milanvaghani/Desktop/Unstructed Machine Learning/Audio Files/Donald Trump speaks at the RNC： FULL SPEECH_chunk22.wav,False
103,/Users/milanvaghani/Desktop/Unstructed Machine Learning/Audio Files/Donald Trump speaks at the RNC： FULL SPEECH_chunk23.wav,False
104,/Users/milanvaghani/Desktop/Unstructed Machine Learning/Audio Files/Donald Trump speaks at the RNC： FULL SPEECH_chunk24.wav,False
105,/Users/milanvaghani/Desktop/Unstructed Machine Learning/Audio Files/Donald Trump speaks at the RNC： FULL SPEECH_chunk25.wav,False
106,/Users/milanvaghani/Desktop/Unstructed Machine Learning/Audio Files/Donald Trump speaks at the RNC： FULL SPEECH_chunk26.wav,False
107,/Users/milanvaghani/Desktop/Unstructed Machine Learning/Audio Files/Donald Trump speaks at the RNC： FULL SPEECH_chunk27.wav,False
108,/Users/milanvaghani/Desktop/Unstructed Machine Learning/Audio Files/Donald Trump speaks at the RNC： FULL SPEECH_chunk28.wav,False
109,/Users/milanvaghani/Desktop/Unstructed Machine Learning/Audio Files/Donald Trump speaks at the RNC： FULL SPEECH_chunk29.wav,False
110,/Users/milanvaghani/Desktop/Unstructed Machine Learning/Audio Files/Donald Trump speaks at the RNC： FULL SPEECH_chunk30.wav,False
111,/Users/milanvaghani/Desktop/Unstructed Machine Learning/Audio Files/Donald Trump speaks at the RNC： FULL SPEECH_chunk31.wav,False
112,/Users/milanvaghani/Desktop/Unstructed Machine Learning/Audio Files/Donald Trump speaks at the RNC： FULL SPEECH_chunk32.wav,False
113,/Users/milanvaghani/Desktop/Unstructed Machine Learning/Audio Files/Donald Trump speaks at the RNC： FULL SPEECH_chunk33.wav,False
114,/Users/milanvaghani/Desktop/Unstructed Machine Learning/Audio Files/Donald Trump speaks at the RNC： FULL SPEECH_chunk34.wav,False
115,/Users/milanvaghani/Desktop/Unstructed Machine Learning/Audio Files/Donald Trump speaks at the RNC： FULL SPEECH_chunk35.wav,False
116,/Users/milanvaghani/Desktop/Unstructed Machine Learning/Audio Files/Donald Trump speaks at the RNC： FULL SPEECH_chunk36.wav,False
117,/Users/milanvaghani/Desktop/Unstructed Machine Learning/Audio Files/Donald Trump speaks at the RNC： FULL SPEECH_chunk37.wav,False
118,/Users/milanvaghani/Desktop/Unstructed Machine Learning/Audio Files/Donald Trump speaks at the RNC： FULL SPEECH_chunk38.wav,False
119,/Users/milanvaghani/Desktop/Unstructed Machine Learning/Audio Files/Donald Trump speaks at the RNC： FULL SPEECH_chunk39.wav,False
120,/Users/milanvaghani/Desktop/Unstructed Machine Learning/Audio Files/Donald Trump speaks at the RNC： FULL SPEECH_chunk40.wav,False
121,/Users/milanvaghani/Desktop/Unstructed Machine Learning/Audio Files/Donald Trump speaks at the RNC： FULL SPEECH_chunk41.wav,False
122,/Users/milanvaghani/Desktop/Unstructed Machine Learning/Audio Files/Donald Trump speaks at the RNC： FULL SPEECH_chunk42.wav,False
123,/Users/milanvaghani/Desktop/Unstructed Machine Learning/Audio Files/Donald Trump speaks at the RNC： FULL SPEECH_chunk43.wav,False
124,/Users/milanvaghani/Desktop/Unstructed Machine Learning/Audio Files/Donald Trump speaks at the RNC： FULL SPEECH_chunk44.wav,False
125,/Users/milanvaghani/Desktop/Unstructed Machine Learning/Audio Files/Donald Trump speaks at the RNC： FULL SPEECH_chunk45.wav,False
126,/Users/milanvaghani/Desktop/Unstructed Machine Learning/Audio Files/Donald Trump speaks at the RNC： FULL SPEECH_chunk46.wav,False
127,/Users/milanvaghani/Desktop/Unstructed Machine Learning/Audio Files/Donald Trump speaks at the RNC： FULL SPEECH_chunk47.wav,False
128,/Users/milanvaghani/Desktop/Unstructed Machine Learning/Audio Files/Donald Trump speaks at the RNC： FULL SPEECH_chunk48.wav,False
129,/Users/milanvaghani/Desktop/Unstructed Machine Learning/Audio Files/Donald Trump speaks at the RNC： FULL SPEECH_chunk49.wav,False
130,/Users/milanvaghani/Desktop/Unstructed Machine Learning/Audio Files/Donald Trump speaks at the RNC： FULL SPEECH_chunk50.wav,False
131,/Users/milanvaghani/Desktop/Unstructed Machine Learning/Audio Files/Donald Trump speaks at the RNC： FULL SPEECH_chunk51.wav,False
132,/Users/milanvaghani/Desktop/Unstructed Machine Learning/Audio Files/Donald Trump speaks at the RNC： FULL SPEECH_chunk52.wav,False
133,/Users/milanvaghani/Desktop/Unstructed Machine Learning/Audio Files/Donald Trump speaks at the RNC： FULL SPEECH_chunk53.wav,False
134,/Users/milanvaghani/Desktop/Unstructed Machine Learning/Audio Files/Donald Trump speaks at the RNC： FULL SPEECH_chunk54.wav,False
135,/Users/milanvaghani/Desktop/Unstructed Machine Learning/Audio Files/Donald Trump speaks at the RNC： FULL SPEECH_chunk55.wav,False
136,/Users/milanvaghani/Desktop/Unstructed Machine Learning/Audio Files/Donald Trump speaks at the RNC： FULL SPEECH_chunk56.wav,False
137,/Users/milanvaghani/Desktop/Unstructed Machine Learning/Audio Files/Donald Trump speaks at the RNC： FULL SPEECH_chunk57.wav,False
138,/Users/milanvaghani/Desktop/Unstructed Machine Learning/Audio Files/Donald Trump speaks at the RNC： FULL SPEECH_chunk58.wav,False
139,/Users/milanvaghani/Desktop/Unstructed Machine Learning/Audio Files/Donald Trump speaks at the RNC： FULL SPEECH_chunk59.wav,True
140,/Users/milanvaghani/Desktop/Unstructed Machine Learning/Audio Files/Donald Trump speaks at the RNC： FULL SPEECH_chunk60.wav,False
141,/Users/milanvaghani/Desktop/Unstructed Machine Learning/Audio Files/Donald Trump speaks at the RNC： FULL SPEECH_chunk61.wav,False
142,/Users/milanvaghani/Desktop/Unstructed Machine Learning/Audio Files/Donald Trump speaks at the RNC： FULL SPEECH_chunk62.wav,False
143,/Users/milanvaghani/Desktop/Unstructed Machine Learning/Audio Files/Donald Trump speaks at the RNC： FULL SPEECH_chunk63.wav,False
144,/Users/milanvaghani/Desktop/Unstructed Machine Learning/Audio Files/Donald Trump speaks at the RNC： FULL SPEECH_chunk64.wav,False
145,/Users/milanvaghani/Desktop/Unstructed Machine Learning/Audio Files/Donald Trump speaks at the RNC： FULL SPEECH_chunk65.wav,False
146,/Users/milanvaghani/Desktop/Unstructed Machine Learning/Audio Files/Donald Trump speaks at the RNC： FULL SPEECH_chunk66.wav,False
147,/Users/milanvaghani/Desktop/Unstructed Machine Learning/Audio Files/Donald Trump speaks at the RNC： FULL SPEECH_chunk67.wav,False
148,/Users/milanvaghani/Desktop/Unstructed Machine Learning/Audio Files/Donald Trump speaks at the RNC： FULL SPEECH_chunk68.wav,False
149,/Users/milanvaghani/Desktop/Unstructed Machine Learning/Audio Files/Donald Trump speaks at the RNC： FULL SPEECH_chunk69.wav,False
150,/Users/milanvaghani/Desktop/Unstructed Machine Learning/Audio Files/Donald Trump speaks at the RNC： FULL SPEECH_chunk70.wav,False
151,/Users/milanvaghani/Desktop/Unstructed Machine Learning/Audio Files/Donald Trump speaks at the RNC： FULL SPEECH_chunk71.wav,False
152,/Users/milanvaghani/Desktop/Unstructed Machine Learning/Audio Files/Donald Trump speaks at the RNC： FULL SPEECH_chunk72.wav,False
153,/Users/milanvaghani/Desktop/Unstructed Machine Learning/Audio Files/Donald Trump speaks at the RNC： FULL SPEECH_chunk73.wav,False
154,/Users/milanvaghani/Desktop/Unstructed Machine Learning/Audio Files/Donald Trump speaks at the RNC： FULL SPEECH_chunk74.wav,True
155,/Users/milanvaghani/Desktop/Unstructed Machine Learning/Audio Files/Donald Trump speaks at the RNC： FULL SPEECH_chunk75.wav,False
156,/Users/milanvaghani/Desktop/Unstructed Machine Learning/Audio Files/Donald Trump speaks at the RNC： FULL SPEECH_chunk76.wav,False
157,/Users/milanvaghani/Desktop/Unstructed Machine Learning/Audio Files/Donald Trump speaks at the RNC： FULL SPEECH_chunk77.wav,False
158,/Users/milanvaghani/Desktop/Unstructed Machine Learning/Audio Files/Donald Trump speaks at the RNC： FULL SPEECH_chunk78.wav,True
159,/Users/milanvaghani/Desktop/Unstructed Machine Learning/Audio Files/Donald Trump speaks at the RNC： FULL SPEECH_chunk79.wav,False
160,/Users/milanvaghani/Desktop/Unstructed Machine Learning/Audio Files/Donald Trump speaks at the RNC： FULL SPEECH_chunk80.wav,False
161,/Users/milanvaghani/Desktop/Unstructed Machine Learning/Audio Files/Donald Trump speaks at the RNC： FULL SPEECH_chunk81.wav,True
162,/Users/milanvaghani/Desktop/Unstructed Machine Learning/Audio Files/Donald Trump speaks at the RNC： FULL SPEECH_chunk82.wav,False
163,/Users/milanvaghani/Desktop/Unstructed Machine Learning/Audio Files/Donald Trump speaks at the RNC： FULL SPEECH_chunk83.wav,False
164,/Users/milanvaghani/Desktop/Unstructed Machine Learning/Audio Files/Donald Trump speaks at the RNC： FULL SPEECH_chunk84.wav,False
165,/Users/milanvaghani/Desktop/Unstructed Machine Learning/Audio Files/Donald Trump speaks at the RNC： FULL SPEECH_chunk85.wav,False
166,/Users/milanvaghani/Desktop/Unstructed Machine Learning/Audio Files/Donald Trump speaks at the RNC： FULL SPEECH_chunk86.wav,False
167,/Users/milanvaghani/Desktop/Unstructed Machine Learning/Audio Files/Donald Trump speaks at the RNC： FULL SPEECH_chunk87.wav,False
168,/Users/milanvaghani/Desktop/Unstructed Machine Learning/Audio Files/Donald Trump speaks at the RNC： FULL SPEECH_chunk88.wav,False
169,/Users/milanvaghani/Desktop/Unstructed Machine Learning/Audio Files/Donald Trump speaks at the RNC： FULL SPEECH_chunk89.wav,False
170,/Users/milanvaghani/Desktop/Unstructed Machine Learning/Audio Files/Donald Trump speaks at the RNC： FULL SPEECH_chunk90.wav,False
171,/Users/milanvaghani/Desktop/Unstructed Machine Learning/Audio Files/Donald Trump speaks at the RNC： FULL SPEECH_chunk91.wav,True
172,/Users/milanvaghani/Desktop/Unstructed Machine Learning/Audio Files/Donald Trump speaks at the RNC： FULL SPEECH_chunk92.wav,False
173,/Users/milanvaghani/Desktop/Unstructed Machine Learning/Audio Files/Donald Trump speaks at the RNC： FULL SPEECH_chunk93.wav,False
174,/Users/milanvaghani/Desktop/Unstructed Machine Learning/Audio Files/Donald Trump speaks at the RNC： FULL SPEECH_chunk94.wav,True
175,/Users/milanvaghani/Desktop/Unstructed Machine Learning/Audio Files/Donald Trump speaks at the RNC： FULL SPEECH_chunk95.wav,False
176,/Users/milanvaghani/Desktop/Unstructed Machine Learning/Audio Files/Donald Trump speaks at the RNC： FULL SPEECH_chunk96.wav,False
177,/Users/milanvaghani/Desktop/Unstructed Machine Learning/Audio Files/Donald Trump speaks at the RNC： FULL SPEECH_chunk97.wav,True
178,/Users/milanvaghani/Desktop/Unstructed Machine Learning/Audio Files/Donald Trump speaks at the RNC： FULL SPEECH_chunk98.wav,False
179,/Users/milanvaghani/Desktop/Unstructed Machine Learning/Audio Files/Donald Trump speaks at the RNC： FULL SPEECH_chunk99.wav,False
180,/Users/milanvaghani/Desktop/Unstructed Machine Learning/Audio Files/Donald Trump speaks at the RNC： FULL SPEECH_chunk100.wav,False
181,/Users/milanvaghani/Desktop/Unstructed Machine Learning/Audio Files/Donald Trump speaks at the RNC： FULL SPEECH_chunk101.wav,False
182,/Users/milanvaghani/Desktop/Unstructed Machine Learning/Audio Files/Donald Trump speaks at the RNC： FULL SPEECH_chunk102.wav,False
183,/Users/milanvaghani/Desktop/Unstructed Machine Learning/Audio Files/Donald Trump speaks at the RNC： FULL SPEECH_chunk103.wav,False
184,/Users/milanvaghani/Desktop/Unstructed Machine Learning/Audio Files/Donald Trump speaks at the RNC： FULL SPEECH_chunk104.wav,False
185,/Users/milanvaghani/Desktop/Unstructed Machine Learning/Audio Files/Donald Trump speaks at the RNC： FULL SPEECH_chunk105.wav,False
186,/Users/milanvaghani/Desktop/Unstructed Machine Learning/Audio Files/Donald Trump speaks at the RNC： FULL SPEECH_chunk106.wav,False
187,/Users/milanvaghani/Desktop/Unstructed Machine Learning/Audio Files/Donald Trump speaks at the RNC： FULL SPEECH_chunk107.wav,False
188,/Users/milanvaghani/Desktop/Unstructed Machine Learning/Audio Files/Donald Trump speaks at the RNC： FULL SPEECH_chunk108.wav,False
189,/Users/milanvaghani/Desktop/Unstructed Machine Learning/Audio Files/Donald Trump speaks at the RNC： FULL SPEECH_chunk109.wav,True
190,/Users/milanvaghani/Desktop/Unstructed Machine Learning/Audio Files/Donald Trump speaks at the RNC： FULL SPEECH_chunk110.wav,False
191,/Users/milanvaghani/Desktop/Unstructed Machine Learning/Audio Files/Donald Trump speaks at the RNC： FULL SPEECH_chunk111.wav,False
192,/Users/milanvaghani/Desktop/Unstructed Machine Learning/Audio Files/Donald Trump speaks at the RNC： FULL SPEECH_chunk112.wav,False
193,/Users/milanvaghani/Desktop/Unstructed Machine Learning/Audio Files/Donald Trump speaks at the RNC： FULL SPEECH_chunk113.wav,False
194,/Users/milanvaghani/Desktop/Unstructed Machine Learning/Audio Files/Donald Trump speaks at the RNC： FULL SPEECH_chunk114.wav,False
195,/Users/milanvaghani/Desktop/Unstructed Machine Learning/Audio Files/Donald Trump speaks at the RNC： FULL SPEECH_chunk115.wav,False
196,/Users/milanvaghani/Desktop/Unstructed Machine Learning/Audio Files/Donald Trump speaks at the RNC： FULL SPEECH_chunk116.wav,False
197,/Users/milanvaghani/Desktop/Unstructed Machine Learning/Audio Files/Donald Trump speaks at the RNC： FULL SPEECH_chunk117.wav,False
198,/Users/milanvaghani/Desktop/Unstructed Machine Learning/Audio Files/Donald Trump speaks at the RNC： FULL SPEECH_chunk118.wav,False
199,/Users/milanvaghani/Desktop/Unstructed Machine Learning/Audio Files/Donald Trump speaks at the RNC： FULL SPEECH_chunk119.wav,False
200,/Users/milanvaghani/Desktop/Unstructed Machine Learning/Audio Files/Donald Trump speaks at the RNC： FULL SPEECH_chunk120.wav,False
201,/Users/milanvaghani/Desktop/Unstructed Machine Learning/Audio Files/Donald Trump speaks at the RNC： FULL SPEECH_chunk121.wav,False
202,/Users/milanvaghani/Desktop/Unstructed Machine Learning/Audio Files/Donald Trump speaks at the RNC： FULL SPEECH_chunk122.wav,False
203,/Users/milanvaghani/Desktop/Unstructed Machine Learning/Audio Files/Donald Trump speaks at the RNC： FULL SPEECH_chunk123.wav,False
204,/Users/milanvaghani/Desktop/Unstructed Machine Learning/Audio Files/Donald Trump speaks at the RNC： FULL SPEECH_chunk124.wav,False
205,/Users/milanvaghani/Desktop/Unstructed Machine Learning/Audio Files/Donald Trump speaks at the RNC： FULL SPEECH_chunk125.wav,True
206,/Users/milanvaghani/Desktop/Unstructed Machine Learning/Audio Files/Donald Trump speaks at the RNC： FULL SPEECH_chunk126.wav,True
207,/Users/milanvaghani/Desktop/Unstructed Machine Learning/Audio Files/Donald Trump speaks at the RNC： FULL SPEECH_chunk127.wav,False
208,/Users/milanvaghani/Desktop/Unstructed Machine Learning/Audio Files/Donald Trump speaks at the RNC： FULL SPEECH_chunk128.wav,False
209,/Users/milanvaghani/Desktop/Unstructed Machine Learning/Audio Files/Donald Trump speaks at the RNC： FULL SPEECH_chunk129.wav,True
210,/Users/milanvaghani/Desktop/Unstructed Machine Learning/Audio Files/Donald Trump speaks at the RNC： FULL SPEECH_chunk130.wav,False
211,/Users/milanvaghani/Desktop/Unstructed Machine Learning/Audio Files/Donald Trump speaks at the RNC： FULL SPEECH_chunk131.wav,True
212,/Users/milanvaghani/Desktop/Unstructed Machine Learning/Audio Files/Donald Trump speaks at the RNC： FULL SPEECH_chunk132.wav,False
213,/Users/milanvaghani/Desktop/Unstructed Machine Learning/Audio Files/Donald Trump speaks at the RNC： FULL SPEECH_chunk133.wav,False
214,/Users/milanvaghani/Desktop/Unstructed Machine Learning/Audio Files/Donald Trump speaks at the RNC： FULL SPEECH_chunk134.wav,False
215,/Users/milanvaghani/Desktop/Unstructed Machine Learning/Audio Files/Donald Trump speaks at the RNC： FULL SPEECH_chunk135.wav,False
216,/Users/milanvaghani/Desktop/Unstructed Machine Learning/Audio Files/Donald Trump speaks at the RNC： FULL SPEECH_chunk136.wav,False
217,/Users/milanvaghani/Desktop/Unstructed Machine Learning/Audio Files/Donald Trump speaks at the RNC： FULL SPEECH_chunk137.wav,False
218,/Users/milanvaghani/Desktop/Unstructed Machine Learning/Audio Files/Donald Trump speaks at the RNC： FULL SPEECH_chunk138.wav,False
219,/Users/milanvaghani/Desktop/Unstructed Machine Learning/Audio Files/Donald Trump speaks at the RNC： FULL SPEECH_chunk139.wav,False
220,/Users/milanvaghani/Desktop/Unstructed Machine Learning/Audio Files/Donald Trump speaks at the RNC： FULL SPEECH_chunk140.wav,False
221,/Users/milanvaghani/Desktop/Unstructed Machine Learning/Audio Files/Donald Trump speaks at the RNC： FULL SPEECH_chunk141.wav,False
222,/Users/milanvaghani/Desktop/Unstructed Machine Learning/Audio Files/Donald Trump speaks at the RNC： FULL SPEECH_chunk142.wav,False
223,/Users/milanvaghani/Desktop/Unstructed Machine Learning/Audio Files/Donald Trump speaks at the RNC： FULL SPEECH_chunk143.wav,False
224,/Users/milanvaghani/Desktop/Unstructed Machine Learning/Audio Files/Donald Trump speaks at the RNC： FULL SPEECH_chunk144.wav,False
225,/Users/milanvaghani/Desktop/Unstructed Machine Learning/Audio Files/Donald Trump speaks at the RNC： FULL SPEECH_chunk145.wav,False
226,/Users/milanvaghani/Desktop/Unstructed Machine Learning/Audio Files/Donald Trump speaks at the RNC： FULL SPEECH_chunk146.wav,False
227,/Users/milanvaghani/Desktop/Unstructed Machine Learning/Audio Files/Donald Trump speaks at the RNC： FULL SPEECH_chunk147.wav,True
228,/Users/milanvaghani/Desktop/Unstructed Machine Learning/Audio Files/Donald Trump speaks at the RNC： FULL SPEECH_chunk148.wav,False
229,/Users/milanvaghani/Desktop/Unstructed Machine Learning/Audio Files/Donald Trump speaks at the RNC： FULL SPEECH_chunk149.wav,False
230,/Users/milanvaghani/Desktop/Unstructed Machine Learning/Audio Files/Donald Trump speaks at the RNC： FULL SPEECH_chunk150.wav,False
231,/Users/milanvaghani/Desktop/Unstructed Machine Learning/Audio Files/Donald Trump speaks at the RNC： FULL SPEECH_chunk151.wav,False
232,/Users/milanvaghani/Desktop/Unstructed Machine Learning/Audio Files/Donald Trump speaks at the RNC： FULL SPEECH_chunk152.wav,False
233,/Users/milanvaghani/Desktop/Unstructed Machine Learning/Audio Files/Donald Trump speaks at the RNC： FULL SPEECH_chunk153.wav,False
234,/Users/milanvaghani/Desktop/Unstructed Machine Learning/Audio Files/Donald Trump speaks at the RNC： FULL SPEECH_chunk154.wav,False
235,/Users/milanvaghani/Desktop/Unstructed Machine Learning/Audio Files/Donald Trump speaks at the RNC： FULL SPEECH_chunk155.wav,False
236,/Users/milanvaghani/Desktop/Unstructed Machine Learning/Audio Files/Donald Trump speaks at the RNC： FULL SPEECH_chunk156.wav,False
237,/Users/milanvaghani/Desktop/Unstructed Machine Learning/Audio Files/Donald Trump speaks at the RNC： FULL SPEECH_chunk157.wav,False
238,/Users/milanvaghani/Desktop/Unstructed Machine Learning/Audio Files/Donald Trump speaks at the RNC： FULL SPEECH_chunk158.wav,False
239,/Users/milanvaghani/Desktop/Unstructed Machine Learning/Audio Files/Donald Trump speaks at the RNC： FULL SPEECH_chunk159.wav,False
240,/Users/milanvaghani/Desktop/Unstructed Machine Learning/Audio Files/Donald Trump speaks at the RNC： FULL SPEECH_chunk160.wav,False
241,/Users/milanvaghani/Desktop/Unstructed Machine Learning/Audio Files/Donald Trump speaks at the RNC： FULL SPEECH_chunk161.wav,False
242,/Users/milanvaghani/Desktop/Unstructed Machine Learning/Audio Files/Donald Trump speaks at the RNC： FULL SPEECH_chunk162.wav,False
243,/Users/milanvaghani/Desktop/Unstructed Machine Learning/Audio Files/Donald Trump speaks at the RNC： FULL SPEECH_chunk163.wav,False
244,/Users/milanvaghani/Desktop/Unstructed Machine Learning/Audio Files/Donald Trump speaks at the RNC： FULL SPEECH_chunk164.wav,False
245,/Users/milanvaghani/Desktop/Unstructed Machine Learning/Audio Files/Donald Trump speaks at the RNC： FULL SPEECH_chunk165.wav,False
246,/Users/milanvaghani/Desktop/Unstructed Machine Learning/Audio Files/Donald Trump speaks at the RNC： FULL SPEECH_chunk166.wav,False
247,/Users/milanvaghani/Desktop/Unstructed Machine Learning/Audio Files/Donald Trump speaks at the RNC： FULL SPEECH_chunk167.wav,False
248,/Users/milanvaghani/Desktop/Unstructed Machine Learning/Audio Files/Donald Trump speaks at the RNC： FULL SPEECH_chunk168.wav,False
249,/Users/milanvaghani/Desktop/Unstructed Machine Learning/Audio Files/Donald Trump speaks at the RNC： FULL SPEECH_chunk169.wav,False
250,/Users/milanvaghani/Desktop/Unstructed Machine Learning/Audio Files/Donald Trump speaks at the RNC： FULL SPEECH_chunk170.wav,False
251,/Users/milanvaghani/Desktop/Unstructed Machine Learning/Audio Files/Donald Trump speaks at the RNC： FULL SPEECH_chunk171.wav,False
252,/Users/milanvaghani/Desktop/Unstructed Machine Learning/Audio Files/Donald Trump speaks at the RNC： FULL SPEECH_chunk172.wav,False
253,/Users/milanvaghani/Desktop/Unstructed Machine Learning/Audio Files/Donald Trump speaks at the RNC： FULL SPEECH_chunk173.wav,False
254,/Users/milanvaghani/Desktop/Unstructed Machine Learning/Audio Files/Donald Trump speaks at the RNC： FULL SPEECH_chunk174.wav,False
255,/Users/milanvaghani/Desktop/Unstructed Machine Learning/Audio Files/Donald Trump speaks at the RNC： FULL SPEECH_chunk175.wav,False
256,/Users/milanvaghani/Desktop/Unstructed Machine Learning/Audio Files/Donald Trump speaks at the RNC： FULL SPEECH_chunk176.wav,False
257,/Users/milanvaghani/Desktop/Unstructed Machine Learning/Audio Files/Donald Trump speaks at the RNC： FULL SPEECH_chunk177.wav,False
258,/Users/milanvaghani/Desktop/Unstructed Machine Learning/Audio Files/Donald Trump speaks at the RNC： FULL SPEECH_chunk178.wav,False
259,/Users/milanvaghani/Desktop/Unstructed Machine Learning/Audio Files/Donald Trump speaks at the RNC： FULL SPEECH_chunk179.wav,False
260,/Users/milanvaghani/Desktop/Unstructed Machine Learning/Audio Files/Donald Trump speaks at the RNC： FULL SPEECH_chunk180.wav,False
261,/Users/milanvaghani/Desktop/Unstructed Machine Learning/Audio Files/Donald Trump speaks at the RNC： FULL SPEECH_chunk181.wav,False
262,/Users/milanvaghani/Desktop/Unstructed Machine Learning/Audio Files/Donald Trump speaks at the RNC： FULL SPEECH_chunk182.wav,False
263,/Users/milanvaghani/Desktop/Unstructed Machine Learning/Audio Files/Donald Trump speaks at the RNC： FULL SPEECH_chunk183.wav,False
264,/Users/milanvaghani/Desktop/Unstructed Machine Learning/Audio Files/Donald Trump speaks at the RNC： FULL SPEECH_chunk184.wav,False
265,"/Users/milanvaghani/Desktop/Unstructed Machine Learning/Audio Files/Vice President Kamala Harris on the Economy - Live from Pittsburgh, Pennsylvania ｜ Harris-Walz 2024_chunk0.wav",False
266,"/Users/milanvaghani/Desktop/Unstructed Machine Learning/Audio Files/Vice President Kamala Harris on the Economy - Live from Pittsburgh, Pennsylvania ｜ Harris-Walz 2024_chunk1.wav",False
267,"/Users/milanvaghani/Desktop/Unstructed Machine Learning/Audio Files/Vice President Kamala Harris on the Economy - Live from Pittsburgh, Pennsylvania ｜ Harris-Walz 2024_chunk2.wav",False
268,"/Users/milanvaghani/Desktop/Unstructed Machine Learning/Audio Files/Vice President Kamala Harris on the Economy - Live from Pittsburgh, Pennsylvania ｜ Harris-Walz 2024_chunk3.wav",False
269,"/Users/milanvaghani/Desktop/Unstructed Machine Learning/Audio Files/Vice President Kamala Harris on the Economy - Live from Pittsburgh, Pennsylvania ｜ Harris-Walz 2024_chunk4.wav",False
270,"/Users/milanvaghani/Desktop/Unstructed Machine Learning/Audio Files/Vice President Kamala Harris on the Economy - Live from Pittsburgh, Pennsylvania ｜ Harris-Walz 2024_chunk5.wav",False
271,"/Users/milanvaghani/Desktop/Unstructed Machine Learning/Audio Files/Vice President Kamala Harris on the Economy - Live from Pittsburgh, Pennsylvania ｜ Harris-Walz 2024_chunk6.wav",False
272,"/Users/milanvaghani/Desktop/Unstructed Machine Learning/Audio Files/Vice President Kamala Harris on the Economy - Live from Pittsburgh, Pennsylvania ｜ Harris-Walz 2024_chunk7.wav",False
273,"/Users/milanvaghani/Desktop/Unstructed Machine Learning/Audio Files/Vice President Kamala Harris on the Economy - Live from Pittsburgh, Pennsylvania ｜ Harris-Walz 2024_chunk8.wav",False
274,"/Users/milanvaghani/Desktop/Unstructed Machine Learning/Audio Files/Vice President Kamala Harris on the Economy - Live from Pittsburgh, Pennsylvania ｜ Harris-Walz 2024_chunk9.wav",False
275,"/Users/milanvaghani/Desktop/Unstructed Machine Learning/Audio Files/Vice President Kamala Harris on the Economy - Live from Pittsburgh, Pennsylvania ｜ Harris-Walz 2024_chunk10.wav",False
276,"/Users/milanvaghani/Desktop/Unstructed Machine Learning/Audio Files/Vice President Kamala Harris on the Economy - Live from Pittsburgh, Pennsylvania ｜ Harris-Walz 2024_chunk11.wav",False
277,"/Users/milanvaghani/Desktop/Unstructed Machine Learning/Audio Files/Vice President Kamala Harris on the Economy - Live from Pittsburgh, Pennsylvania ｜ Harris-Walz 2024_chunk12.wav",False
278,"/Users/milanvaghani/Desktop/Unstructed Machine Learning/Audio Files/Vice President Kamala Harris on the Economy - Live from Pittsburgh, Pennsylvania ｜ Harris-Walz 2024_chunk13.wav",False
279,"/Users/milanvaghani/Desktop/Unstructed Machine Learning/Audio Files/Vice President Kamala Harris on the Economy - Live from Pittsburgh, Pennsylvania ｜ Harris-Walz 2024_chunk14.wav",False
280,"/Users/milanvaghani/Desktop/Unstructed Machine Learning/Audio Files/Vice President Kamala Harris on the Economy - Live from Pittsburgh, Pennsylvania ｜ Harris-Walz 2024_chunk15.wav",False
281,"/Users/milanvaghani/Desktop/Unstructed Machine Learning/Audio Files/Vice President Kamala Harris on the Economy - Live from Pittsburgh, Pennsylvania ｜ Harris-Walz 2024_chunk16.wav",False
282,"/Users/milanvaghani/Desktop/Unstructed Machine Learning/Audio Files/Vice President Kamala Harris on the Economy - Live from Pittsburgh, Pennsylvania ｜ Harris-Walz 2024_chunk17.wav",False
283,"/Users/milanvaghani/Desktop/Unstructed Machine Learning/Audio Files/Vice President Kamala Harris on the Economy - Live from Pittsburgh, Pennsylvania ｜ Harris-Walz 2024_chunk18.wav",False
284,"/Users/milanvaghani/Desktop/Unstructed Machine Learning/Audio Files/Vice President Kamala Harris on the Economy - Live from Pittsburgh, Pennsylvania ｜ Harris-Walz 2024_chunk19.wav",False
285,"/Users/milanvaghani/Desktop/Unstructed Machine Learning/Audio Files/Vice President Kamala Harris on the Economy - Live from Pittsburgh, Pennsylvania ｜ Harris-Walz 2024_chunk20.wav",False
286,"/Users/milanvaghani/Desktop/Unstructed Machine Learning/Audio Files/Vice President Kamala Harris on the Economy - Live from Pittsburgh, Pennsylvania ｜ Harris-Walz 2024_chunk21.wav",True
287,"/Users/milanvaghani/Desktop/Unstructed Machine Learning/Audio Files/Vice President Kamala Harris on the Economy - Live from Pittsburgh, Pennsylvania ｜ Harris-Walz 2024_chunk22.wav",True
288,"/Users/milanvaghani/Desktop/Unstructed Machine Learning/Audio Files/Vice President Kamala Harris on the Economy - Live from Pittsburgh, Pennsylvania ｜ Harris-Walz 2024_chunk23.wav",False
289,"/Users/milanvaghani/Desktop/Unstructed Machine Learning/Audio Files/Vice President Kamala Harris on the Economy - Live from Pittsburgh, Pennsylvania ｜ Harris-Walz 2024_chunk24.wav",False
290,"/Users/milanvaghani/Desktop/Unstructed Machine Learning/Audio Files/Vice President Kamala Harris on the Economy - Live from Pittsburgh, Pennsylvania ｜ Harris-Walz 2024_chunk25.wav",False
291,"/Users/milanvaghani/Desktop/Unstructed Machine Learning/Audio Files/Vice President Kamala Harris on the Economy - Live from Pittsburgh, Pennsylvania ｜ Harris-Walz 2024_chunk26.wav",False
292,"/Users/milanvaghani/Desktop/Unstructed Machine Learning/Audio Files/Vice President Kamala Harris on the Economy - Live from Pittsburgh, Pennsylvania ｜ Harris-Walz 2024_chunk27.wav",False
293,"/Users/milanvaghani/Desktop/Unstructed Machine Learning/Audio Files/Vice President Kamala Harris on the Economy - Live from Pittsburgh, Pennsylvania ｜ Harris-Walz 2024_chunk28.wav",False
294,"/Users/milanvaghani/Desktop/Unstructed Machine Learning/Audio Files/Vice President Kamala Harris on the Economy - Live from Pittsburgh, Pennsylvania ｜ Harris-Walz 2024_chunk29.wav",False
295,"/Users/milanvaghani/Desktop/Unstructed Machine Learning/Audio Files/Vice President Kamala Harris on the Economy - Live from Pittsburgh, Pennsylvania ｜ Harris-Walz 2024_chunk30.wav",False
296,"/Users/milanvaghani/Desktop/Unstructed Machine Learning/Audio Files/Vice President Kamala Harris on the Economy - Live from Pittsburgh, Pennsylvania ｜ Harris-Walz 2024_chunk31.wav",False
297,"/Users/milanvaghani/Desktop/Unstructed Machine Learning/Audio Files/Vice President Kamala Harris on the Economy - Live from Pittsburgh, Pennsylvania ｜ Harris-Walz 2024_chunk32.wav",False
298,"/Users/milanvaghani/Desktop/Unstructed Machine Learning/Audio Files/Vice President Kamala Harris on the Economy - Live from Pittsburgh, Pennsylvania ｜ Harris-Walz 2024_chunk33.wav",False
299,"/Users/milanvaghani/Desktop/Unstructed Machine Learning/Audio Files/Vice President Kamala Harris on the Economy - Live from Pittsburgh, Pennsylvania ｜ Harris-Walz 2024_chunk34.wav",False
300,"/Users/milanvaghani/Desktop/Unstructed Machine Learning/Audio Files/Vice President Kamala Harris on the Economy - Live from Pittsburgh, Pennsylvania ｜ Harris-Walz 2024_chunk35.wav",False
301,"/Users/milanvaghani/Desktop/Unstructed Machine Learning/Audio Files/Vice President Kamala Harris on the Economy - Live from Pittsburgh, Pennsylvania ｜ Harris-Walz 2024_chunk36.wav",False
302,"/Users/milanvaghani/Desktop/Unstructed Machine Learning/Audio Files/Vice President Kamala Harris on the Economy - Live from Pittsburgh, Pennsylvania ｜ Harris-Walz 2024_chunk37.wav",False
303,"/Users/milanvaghani/Desktop/Unstructed Machine Learning/Audio Files/Vice President Kamala Harris on the Economy - Live from Pittsburgh, Pennsylvania ｜ Harris-Walz 2024_chunk38.wav",False
304,"/Users/milanvaghani/Desktop/Unstructed Machine Learning/Audio Files/Vice President Kamala Harris on the Economy - Live from Pittsburgh, Pennsylvania ｜ Harris-Walz 2024_chunk39.wav",False
305,"/Users/milanvaghani/Desktop/Unstructed Machine Learning/Audio Files/Vice President Kamala Harris on the Economy - Live from Pittsburgh, Pennsylvania ｜ Harris-Walz 2024_chunk40.wav",False
306,"/Users/milanvaghani/Desktop/Unstructed Machine Learning/Audio Files/Vice President Kamala Harris on the Economy - Live from Pittsburgh, Pennsylvania ｜ Harris-Walz 2024_chunk41.wav",False
307,"/Users/milanvaghani/Desktop/Unstructed Machine Learning/Audio Files/Vice President Kamala Harris on the Economy - Live from Pittsburgh, Pennsylvania ｜ Harris-Walz 2024_chunk42.wav",False
308,"/Users/milanvaghani/Desktop/Unstructed Machine Learning/Audio Files/Vice President Kamala Harris on the Economy - Live from Pittsburgh, Pennsylvania ｜ Harris-Walz 2024_chunk43.wav",False
309,"/Users/milanvaghani/Desktop/Unstructed Machine Learning/Audio Files/Vice President Kamala Harris on the Economy - Live from Pittsburgh, Pennsylvania ｜ Harris-Walz 2024_chunk44.wav",False
310,"/Users/milanvaghani/Desktop/Unstructed Machine Learning/Audio Files/Vice President Kamala Harris on the Economy - Live from Pittsburgh, Pennsylvania ｜ Harris-Walz 2024_chunk45.wav",False
311,"/Users/milanvaghani/Desktop/Unstructed Machine Learning/Audio Files/Vice President Kamala Harris on the Economy - Live from Pittsburgh, Pennsylvania ｜ Harris-Walz 2024_chunk46.wav",False
312,"/Users/milanvaghani/Desktop/Unstructed Machine Learning/Audio Files/Vice President Kamala Harris on the Economy - Live from Pittsburgh, Pennsylvania ｜ Harris-Walz 2024_chunk47.wav",False
313,"/Users/milanvaghani/Desktop/Unstructed Machine Learning/Audio Files/Vice President Kamala Harris on the Economy - Live from Pittsburgh, Pennsylvania ｜ Harris-Walz 2024_chunk48.wav",False
314,"/Users/milanvaghani/Desktop/Unstructed Machine Learning/Audio Files/Vice President Kamala Harris on the Economy - Live from Pittsburgh, Pennsylvania ｜ Harris-Walz 2024_chunk49.wav",False
315,"/Users/milanvaghani/Desktop/Unstructed Machine Learning/Audio Files/Vice President Kamala Harris on the Economy - Live from Pittsburgh, Pennsylvania ｜ Harris-Walz 2024_chunk50.wav",False
316,"/Users/milanvaghani/Desktop/Unstructed Machine Learning/Audio Files/Vice President Kamala Harris on the Economy - Live from Pittsburgh, Pennsylvania ｜ Harris-Walz 2024_chunk51.wav",False
317,"/Users/milanvaghani/Desktop/Unstructed Machine Learning/Audio Files/Vice President Kamala Harris on the Economy - Live from Pittsburgh, Pennsylvania ｜ Harris-Walz 2024_chunk52.wav",False
318,"/Users/milanvaghani/Desktop/Unstructed Machine Learning/Audio Files/Vice President Kamala Harris on the Economy - Live from Pittsburgh, Pennsylvania ｜ Harris-Walz 2024_chunk53.wav",False
319,"/Users/milanvaghani/Desktop/Unstructed Machine Learning/Audio Files/Vice President Kamala Harris on the Economy - Live from Pittsburgh, Pennsylvania ｜ Harris-Walz 2024_chunk54.wav",False
320,"/Users/milanvaghani/Desktop/Unstructed Machine Learning/Audio Files/Vice President Kamala Harris on the Economy - Live from Pittsburgh, Pennsylvania ｜ Harris-Walz 2024_chunk55.wav",False
321,"/Users/milanvaghani/Desktop/Unstructed Machine Learning/Audio Files/Vice President Kamala Harris on the Economy - Live from Pittsburgh, Pennsylvania ｜ Harris-Walz 2024_chunk56.wav",False
322,"/Users/milanvaghani/Desktop/Unstructed Machine Learning/Audio Files/Vice President Kamala Harris on the Economy - Live from Pittsburgh, Pennsylvania ｜ Harris-Walz 2024_chunk57.wav",False
323,"/Users/milanvaghani/Desktop/Unstructed Machine Learning/Audio Files/Vice President Kamala Harris on the Economy - Live from Pittsburgh, Pennsylvania ｜ Harris-Walz 2024_chunk58.wav",False
324,"/Users/milanvaghani/Desktop/Unstructed Machine Learning/Audio Files/Vice President Kamala Harris on the Economy - Live from Pittsburgh, Pennsylvania ｜ Harris-Walz 2024_chunk59.wav",False
325,"/Users/milanvaghani/Desktop/Unstructed Machine Learning/Audio Files/Vice President Kamala Harris on the Economy - Live from Pittsburgh, Pennsylvania ｜ Harris-Walz 2024_chunk60.wav",False
326,"/Users/milanvaghani/Desktop/Unstructed Machine Learning/Audio Files/Vice President Kamala Harris on the Economy - Live from Pittsburgh, Pennsylvania ｜ Harris-Walz 2024_chunk61.wav",False
327,"/Users/milanvaghani/Desktop/Unstructed Machine Learning/Audio Files/Vice President Kamala Harris on the Economy - Live from Pittsburgh, Pennsylvania ｜ Harris-Walz 2024_chunk62.wav",False
328,"/Users/milanvaghani/Desktop/Unstructed Machine Learning/Audio Files/Vice President Kamala Harris on the Economy - Live from Pittsburgh, Pennsylvania ｜ Harris-Walz 2024_chunk63.wav",False
329,"/Users/milanvaghani/Desktop/Unstructed Machine Learning/Audio Files/Vice President Kamala Harris on the Economy - Live from Pittsburgh, Pennsylvania ｜ Harris-Walz 2024_chunk64.wav",False
330,"/Users/milanvaghani/Desktop/Unstructed Machine Learning/Audio Files/Vice President Kamala Harris on the Economy - Live from Pittsburgh, Pennsylvania ｜ Harris-Walz 2024_chunk65.wav",False
331,"/Users/milanvaghani/Desktop/Unstructed Machine Learning/Audio Files/Vice President Kamala Harris on the Economy - Live from Pittsburgh, Pennsylvania ｜ Harris-Walz 2024_chunk66.wav",False
332,"/Users/milanvaghani/Desktop/Unstructed Machine Learning/Audio Files/Vice President Kamala Harris on the Economy - Live from Pittsburgh, Pennsylvania ｜ Harris-Walz 2024_chunk67.wav",False
333,"/Users/milanvaghani/Desktop/Unstructed Machine Learning/Audio Files/Vice President Kamala Harris on the Economy - Live from Pittsburgh, Pennsylvania ｜ Harris-Walz 2024_chunk68.wav",False
334,"/Users/milanvaghani/Desktop/Unstructed Machine Learning/Audio Files/Vice President Kamala Harris on the Economy - Live from Pittsburgh, Pennsylvania ｜ Harris-Walz 2024_chunk69.wav",False
335,"/Users/milanvaghani/Desktop/Unstructed Machine Learning/Audio Files/Vice President Kamala Harris on the Economy - Live from Pittsburgh, Pennsylvania ｜ Harris-Walz 2024_chunk70.wav",False
336,"/Users/milanvaghani/Desktop/Unstructed Machine Learning/Audio Files/Vice President Kamala Harris on the Economy - Live from Pittsburgh, Pennsylvania ｜ Harris-Walz 2024_chunk71.wav",False
337,"/Users/milanvaghani/Desktop/Unstructed Machine Learning/Audio Files/Vice President Kamala Harris on the Economy - Live from Pittsburgh, Pennsylvania ｜ Harris-Walz 2024_chunk72.wav",False
338,"/Users/milanvaghani/Desktop/Unstructed Machine Learning/Audio Files/Vice President Kamala Harris on the Economy - Live from Pittsburgh, Pennsylvania ｜ Harris-Walz 2024_chunk73.wav",False
339,"/Users/milanvaghani/Desktop/Unstructed Machine Learning/Audio Files/Vice President Kamala Harris on the Economy - Live from Pittsburgh, Pennsylvania ｜ Harris-Walz 2024_chunk74.wav",False
340,"/Users/milanvaghani/Desktop/Unstructed Machine Learning/Audio Files/Vice President Kamala Harris on the Economy - Live from Pittsburgh, Pennsylvania ｜ Harris-Walz 2024_chunk75.wav",False
341,"/Users/milanvaghani/Desktop/Unstructed Machine Learning/Audio Files/Vice President Kamala Harris on the Economy - Live from Pittsburgh, Pennsylvania ｜ Harris-Walz 2024_chunk76.wav",False
342,"/Users/milanvaghani/Desktop/Unstructed Machine Learning/Audio Files/Vice President Kamala Harris on the Economy - Live from Pittsburgh, Pennsylvania ｜ Harris-Walz 2024_chunk77.wav",False
343,"/Users/milanvaghani/Desktop/Unstructed Machine Learning/Audio Files/Vice President Kamala Harris on the Economy - Live from Pittsburgh, Pennsylvania ｜ Harris-Walz 2024_chunk78.wav",False
344,"/Users/milanvaghani/Desktop/Unstructed Machine Learning/Audio Files/Vice President Kamala Harris on the Economy - Live from Pittsburgh, Pennsylvania ｜ Harris-Walz 2024_chunk79.wav",False
345,"/Users/milanvaghani/Desktop/Unstructed Machine Learning/Audio Files/Vice President Kamala Harris on the Economy - Live from Pittsburgh, Pennsylvania ｜ Harris-Walz 2024_chunk80.wav",True
346,"/Users/milanvaghani/Desktop/Unstructed Machine Learning/Audio Files/Vice President Kamala Harris on the Economy - Live from Pittsburgh, Pennsylvania ｜ Harris-Walz 2024_chunk81.wav",False
347,"/Users/milanvaghani/Desktop/Unstructed Machine Learning/Audio Files/Vice President Kamala Harris on the Economy - Live from Pittsburgh, Pennsylvania ｜ Harris-Walz 2024_chunk82.wav",False
348,"/Users/milanvaghani/Desktop/Unstructed Machine Learning/Audio Files/Vice President Kamala Harris on the Economy - Live from Pittsburgh, Pennsylvania ｜ Harris-Walz 2024_chunk83.wav",False
349,"/Users/milanvaghani/Desktop/Unstructed Machine Learning/Audio Files/Vice President Kamala Harris on the Economy - Live from Pittsburgh, Pennsylvania ｜ Harris-Walz 2024_chunk84.wav",False
350,"/Users/milanvaghani/Desktop/Unstructed Machine Learning/Audio Files/Vice President Kamala Harris on the Economy - Live from Pittsburgh, Pennsylvania ｜ Harris-Walz 2024_chunk85.wav",False
351,"/Users/milanvaghani/Desktop/Unstructed Machine Learning/Audio Files/Vice President Kamala Harris on the Economy - Live from Pittsburgh, Pennsylvania ｜ Harris-Walz 2024_chunk86.wav",False
352,"/Users/milanvaghani/Desktop/Unstructed Machine Learning/Audio Files/Vice President Kamala Harris on the Economy - Live from Pittsburgh, Pennsylvania ｜ Harris-Walz 2024_chunk87.wav",False
353,"/Users/milanvaghani/Desktop/Unstructed Machine Learning/Audio Files/Vice President Kamala Harris on the Economy - Live from Pittsburgh, Pennsylvania ｜ Harris-Walz 2024_chunk88.wav",False
354,"/Users/milanvaghani/Desktop/Unstructed Machine Learning/Audio Files/Vice President Kamala Harris on the Economy - Live from Pittsburgh, Pennsylvania ｜ Harris-Walz 2024_chunk89.wav",False
355,"/Users/milanvaghani/Desktop/Unstructed Machine Learning/Audio Files/Vice President Kamala Harris on the Economy - Live from Pittsburgh, Pennsylvania ｜ Harris-Walz 2024_chunk90.wav",False
356,"/Users/milanvaghani/Desktop/Unstructed Machine Learning/Audio Files/Vice President Kamala Harris on the Economy - Live from Pittsburgh, Pennsylvania ｜ Harris-Walz 2024_chunk91.wav",False
357,"/Users/milanvaghani/Desktop/Unstructed Machine Learning/Audio Files/Donald Trump full speech at Pennsylvania rally (October 5, 2024)_chunk0.wav",False
358,"/Users/milanvaghani/Desktop/Unstructed Machine Learning/Audio Files/Donald Trump full speech at Pennsylvania rally (October 5, 2024)_chunk1.wav",False
359,"/Users/milanvaghani/Desktop/Unstructed Machine Learning/Audio Files/Donald Trump full speech at Pennsylvania rally (October 5, 2024)_chunk2.wav",False
360,"/Users/milanvaghani/Desktop/Unstructed Machine Learning/Audio Files/Donald Trump full speech at Pennsylvania rally (October 5, 2024)_chunk3.wav",False
361,"/Users/milanvaghani/Desktop/Unstructed Machine Learning/Audio Files/Donald Trump full speech at Pennsylvania rally (October 5, 2024)_chunk4.wav",False
362,"/Users/milanvaghani/Desktop/Unstructed Machine Learning/Audio Files/Donald Trump full speech at Pennsylvania rally (October 5, 2024)_chunk5.wav",False
363,"/Users/milanvaghani/Desktop/Unstructed Machine Learning/Audio Files/Donald Trump full speech at Pennsylvania rally (October 5, 2024)_chunk6.wav",False
364,"/Users/milanvaghani/Desktop/Unstructed Machine Learning/Audio Files/Donald Trump full speech at Pennsylvania rally (October 5, 2024)_chunk7.wav",False
365,"/Users/milanvaghani/Desktop/Unstructed Machine Learning/Audio Files/Donald Trump full speech at Pennsylvania rally (October 5, 2024)_chunk8.wav",True
366,"/Users/milanvaghani/Desktop/Unstructed Machine Learning/Audio Files/Donald Trump full speech at Pennsylvania rally (October 5, 2024)_chunk9.wav",False
367,"/Users/milanvaghani/Desktop/Unstructed Machine Learning/Audio Files/Donald Trump full speech at Pennsylvania rally (October 5, 2024)_chunk10.wav",False
368,"/Users/milanvaghani/Desktop/Unstructed Machine Learning/Audio Files/Donald Trump full speech at Pennsylvania rally (October 5, 2024)_chunk11.wav",False
369,"/Users/milanvaghani/Desktop/Unstructed Machine Learning/Audio Files/Donald Trump full speech at Pennsylvania rally (October 5, 2024)_chunk12.wav",False
370,"/Users/milanvaghani/Desktop/Unstructed Machine Learning/Audio Files/Donald Trump full speech at Pennsylvania rally (October 5, 2024)_chunk13.wav",False
371,"/Users/milanvaghani/Desktop/Unstructed Machine Learning/Audio Files/Donald Trump full speech at Pennsylvania rally (October 5, 2024)_chunk14.wav",False
372,"/Users/milanvaghani/Desktop/Unstructed Machine Learning/Audio Files/Donald Trump full speech at Pennsylvania rally (October 5, 2024)_chunk15.wav",False
373,"/Users/milanvaghani/Desktop/Unstructed Machine Learning/Audio Files/Donald Trump full speech at Pennsylvania rally (October 5, 2024)_chunk16.wav",False
374,"/Users/milanvaghani/Desktop/Unstructed Machine Learning/Audio Files/Donald Trump full speech at Pennsylvania rally (October 5, 2024)_chunk17.wav",False
375,"/Users/milanvaghani/Desktop/Unstructed Machine Learning/Audio Files/Donald Trump full speech at Pennsylvania rally (October 5, 2024)_chunk18.wav",False
376,"/Users/milanvaghani/Desktop/Unstructed Machine Learning/Audio Files/Donald Trump full speech at Pennsylvania rally (October 5, 2024)_chunk19.wav",False
377,"/Users/milanvaghani/Desktop/Unstructed Machine Learning/Audio Files/Donald Trump full speech at Pennsylvania rally (October 5, 2024)_chunk20.wav",False
378,"/Users/milanvaghani/Desktop/Unstructed Machine Learning/Audio Files/Donald Trump full speech at Pennsylvania rally (October 5, 2024)_chunk21.wav",False
379,"/Users/milanvaghani/Desktop/Unstructed Machine Learning/Audio Files/Donald Trump full speech at Pennsylvania rally (October 5, 2024)_chunk22.wav",False
380,"/Users/milanvaghani/Desktop/Unstructed Machine Learning/Audio Files/Donald Trump full speech at Pennsylvania rally (October 5, 2024)_chunk23.wav",False
381,"/Users/milanvaghani/Desktop/Unstructed Machine Learning/Audio Files/Donald Trump full speech at Pennsylvania rally (October 5, 2024)_chunk24.wav",False
382,"/Users/milanvaghani/Desktop/Unstructed Machine Learning/Audio Files/Donald Trump full speech at Pennsylvania rally (October 5, 2024)_chunk25.wav",False
383,"/Users/milanvaghani/Desktop/Unstructed Machine Learning/Audio Files/Donald Trump full speech at Pennsylvania rally (October 5, 2024)_chunk26.wav",False
384,"/Users/milanvaghani/Desktop/Unstructed Machine Learning/Audio Files/Donald Trump full speech at Pennsylvania rally (October 5, 2024)_chunk27.wav",False
385,"/Users/milanvaghani/Desktop/Unstructed Machine Learning/Audio Files/Donald Trump full speech at Pennsylvania rally (October 5, 2024)_chunk28.wav",False
386,"/Users/milanvaghani/Desktop/Unstructed Machine Learning/Audio Files/Donald Trump full speech at Pennsylvania rally (October 5, 2024)_chunk29.wav",False
387,"/Users/milanvaghani/Desktop/Unstructed Machine Learning/Audio Files/Donald Trump full speech at Pennsylvania rally (October 5, 2024)_chunk30.wav",False
388,"/Users/milanvaghani/Desktop/Unstructed Machine Learning/Audio Files/Donald Trump full speech at Pennsylvania rally (October 5, 2024)_chunk31.wav",False
389,"/Users/milanvaghani/Desktop/Unstructed Machine Learning/Audio Files/Donald Trump full speech at Pennsylvania rally (October 5, 2024)_chunk32.wav",False
390,"/Users/milanvaghani/Desktop/Unstructed Machine Learning/Audio Files/Donald Trump full speech at Pennsylvania rally (October 5, 2024)_chunk33.wav",False
391,"/Users/milanvaghani/Desktop/Unstructed Machine Learning/Audio Files/Donald Trump full speech at Pennsylvania rally (October 5, 2024)_chunk34.wav",False
392,"/Users/milanvaghani/Desktop/Unstructed Machine Learning/Audio Files/Donald Trump full speech at Pennsylvania rally (October 5, 2024)_chunk35.wav",False
393,"/Users/milanvaghani/Desktop/Unstructed Machine Learning/Audio Files/Donald Trump full speech at Pennsylvania rally (October 5, 2024)_chunk36.wav",False
394,"/Users/milanvaghani/Desktop/Unstructed Machine Learning/Audio Files/Donald Trump full speech at Pennsylvania rally (October 5, 2024)_chunk37.wav",False
395,"/Users/milanvaghani/Desktop/Unstructed Machine Learning/Audio Files/Donald Trump full speech at Pennsylvania rally (October 5, 2024)_chunk38.wav",False
396,"/Users/milanvaghani/Desktop/Unstructed Machine Learning/Audio Files/Donald Trump full speech at Pennsylvania rally (October 5, 2024)_chunk39.wav",False
397,"/Users/milanvaghani/Desktop/Unstructed Machine Learning/Audio Files/Donald Trump full speech at Pennsylvania rally (October 5, 2024)_chunk40.wav",False
398,"/Users/milanvaghani/Desktop/Unstructed Machine Learning/Audio Files/Donald Trump full speech at Pennsylvania rally (October 5, 2024)_chunk41.wav",False
399,"/Users/milanvaghani/Desktop/Unstructed Machine Learning/Audio Files/Donald Trump full speech at Pennsylvania rally (October 5, 2024)_chunk42.wav",False
400,"/Users/milanvaghani/Desktop/Unstructed Machine Learning/Audio Files/Donald Trump full speech at Pennsylvania rally (October 5, 2024)_chunk43.wav",False
401,"/Users/milanvaghani/Desktop/Unstructed Machine Learning/Audio Files/Donald Trump full speech at Pennsylvania rally (October 5, 2024)_chunk44.wav",False
402,"/Users/milanvaghani/Desktop/Unstructed Machine Learning/Audio Files/Donald Trump full speech at Pennsylvania rally (October 5, 2024)_chunk45.wav",False
403,"/Users/milanvaghani/Desktop/Unstructed Machine Learning/Audio Files/Donald Trump full speech at Pennsylvania rally (October 5, 2024)_chunk46.wav",False
404,"/Users/milanvaghani/Desktop/Unstructed Machine Learning/Audio Files/Donald Trump full speech at Pennsylvania rally (October 5, 2024)_chunk47.wav",False
405,"/Users/milanvaghani/Desktop/Unstructed Machine Learning/Audio Files/Donald Trump full speech at Pennsylvania rally (October 5, 2024)_chunk48.wav",False
406,"/Users/milanvaghani/Desktop/Unstructed Machine Learning/Audio Files/Donald Trump full speech at Pennsylvania rally (October 5, 2024)_chunk49.wav",False
407,"/Users/milanvaghani/Desktop/Unstructed Machine Learning/Audio Files/Donald Trump full speech at Pennsylvania rally (October 5, 2024)_chunk50.wav",False
408,"/Users/milanvaghani/Desktop/Unstructed Machine Learning/Audio Files/Donald Trump full speech at Pennsylvania rally (October 5, 2024)_chunk51.wav",False
409,"/Users/milanvaghani/Desktop/Unstructed Machine Learning/Audio Files/Donald Trump full speech at Pennsylvania rally (October 5, 2024)_chunk52.wav",False
410,"/Users/milanvaghani/Desktop/Unstructed Machine Learning/Audio Files/Donald Trump full speech at Pennsylvania rally (October 5, 2024)_chunk53.wav",False
411,"/Users/milanvaghani/Desktop/Unstructed Machine Learning/Audio Files/Donald Trump full speech at Pennsylvania rally (October 5, 2024)_chunk54.wav",False
412,"/Users/milanvaghani/Desktop/Unstructed Machine Learning/Audio Files/Donald Trump full speech at Pennsylvania rally (October 5, 2024)_chunk55.wav",False
413,"/Users/milanvaghani/Desktop/Unstructed Machine Learning/Audio Files/Donald Trump full speech at Pennsylvania rally (October 5, 2024)_chunk56.wav",False
414,"/Users/milanvaghani/Desktop/Unstructed Machine Learning/Audio Files/Donald Trump full speech at Pennsylvania rally (October 5, 2024)_chunk57.wav",False
415,"/Users/milanvaghani/Desktop/Unstructed Machine Learning/Audio Files/Donald Trump full speech at Pennsylvania rally (October 5, 2024)_chunk58.wav",False
416,"/Users/milanvaghani/Desktop/Unstructed Machine Learning/Audio Files/Donald Trump full speech at Pennsylvania rally (October 5, 2024)_chunk59.wav",False
417,"/Users/milanvaghani/Desktop/Unstructed Machine Learning/Audio Files/Donald Trump full speech at Pennsylvania rally (October 5, 2024)_chunk60.wav",False
418,"/Users/milanvaghani/Desktop/Unstructed Machine Learning/Audio Files/Donald Trump full speech at Pennsylvania rally (October 5, 2024)_chunk61.wav",False
419,"/Users/milanvaghani/Desktop/Unstructed Machine Learning/Audio Files/Donald Trump full speech at Pennsylvania rally (October 5, 2024)_chunk62.wav",False
420,"/Users/milanvaghani/Desktop/Unstructed Machine Learning/Audio Files/Donald Trump full speech at Pennsylvania rally (October 5, 2024)_chunk63.wav",False
421,"/Users/milanvaghani/Desktop/Unstructed Machine Learning/Audio Files/Donald Trump full speech at Pennsylvania rally (October 5, 2024)_chunk64.wav",False
422,"/Users/milanvaghani/Desktop/Unstructed Machine Learning/Audio Files/Donald Trump full speech at Pennsylvania rally (October 5, 2024)_chunk65.wav",False
423,"/Users/milanvaghani/Desktop/Unstructed Machine Learning/Audio Files/Donald Trump full speech at Pennsylvania rally (October 5, 2024)_chunk66.wav",False
424,"/Users/milanvaghani/Desktop/Unstructed Machine Learning/Audio Files/Donald Trump full speech at Pennsylvania rally (October 5, 2024)_chunk67.wav",False
425,"/Users/milanvaghani/Desktop/Unstructed Machine Learning/Audio Files/Donald Trump full speech at Pennsylvania rally (October 5, 2024)_chunk68.wav",False
426,"/Users/milanvaghani/Desktop/Unstructed Machine Learning/Audio Files/Donald Trump full speech at Pennsylvania rally (October 5, 2024)_chunk69.wav",False
427,"/Users/milanvaghani/Desktop/Unstructed Machine Learning/Audio Files/Donald Trump full speech at Pennsylvania rally (October 5, 2024)_chunk70.wav",False
428,"/Users/milanvaghani/Desktop/Unstructed Machine Learning/Audio Files/Donald Trump full speech at Pennsylvania rally (October 5, 2024)_chunk71.wav",False
429,"/Users/milanvaghani/Desktop/Unstructed Machine Learning/Audio Files/Donald Trump full speech at Pennsylvania rally (October 5, 2024)_chunk72.wav",False
430,"/Users/milanvaghani/Desktop/Unstructed Machine Learning/Audio Files/Donald Trump full speech at Pennsylvania rally (October 5, 2024)_chunk73.wav",False
431,"/Users/milanvaghani/Desktop/Unstructed Machine Learning/Audio Files/Donald Trump full speech at Pennsylvania rally (October 5, 2024)_chunk74.wav",False
432,"/Users/milanvaghani/Desktop/Unstructed Machine Learning/Audio Files/Donald Trump full speech at Pennsylvania rally (October 5, 2024)_chunk75.wav",False
433,"/Users/milanvaghani/Desktop/Unstructed Machine Learning/Audio Files/Donald Trump full speech at Pennsylvania rally (October 5, 2024)_chunk76.wav",False
434,"/Users/milanvaghani/Desktop/Unstructed Machine Learning/Audio Files/Donald Trump full speech at Pennsylvania rally (October 5, 2024)_chunk77.wav",False
435,"/Users/milanvaghani/Desktop/Unstructed Machine Learning/Audio Files/Donald Trump full speech at Pennsylvania rally (October 5, 2024)_chunk78.wav",False
436,"/Users/milanvaghani/Desktop/Unstructed Machine Learning/Audio Files/Donald Trump full speech at Pennsylvania rally (October 5, 2024)_chunk79.wav",False
437,"/Users/milanvaghani/Desktop/Unstructed Machine Learning/Audio Files/Donald Trump full speech at Pennsylvania rally (October 5, 2024)_chunk80.wav",False
438,"/Users/milanvaghani/Desktop/Unstructed Machine Learning/Audio Files/Donald Trump full speech at Pennsylvania rally (October 5, 2024)_chunk81.wav",False
439,"/Users/milanvaghani/Desktop/Unstructed Machine Learning/Audio Files/Donald Trump full speech at Pennsylvania rally (October 5, 2024)_chunk82.wav",False
440,"/Users/milanvaghani/Desktop/Unstructed Machine Learning/Audio Files/Donald Trump full speech at Pennsylvania rally (October 5, 2024)_chunk83.wav",False
441,"/Users/milanvaghani/Desktop/Unstructed Machine Learning/Audio Files/Donald Trump full speech at Pennsylvania rally (October 5, 2024)_chunk84.wav",False
442,"/Users/milanvaghani/Desktop/Unstructed Machine Learning/Audio Files/Donald Trump full speech at Pennsylvania rally (October 5, 2024)_chunk85.wav",False
443,"/Users/milanvaghani/Desktop/Unstructed Machine Learning/Audio Files/Donald Trump full speech at Pennsylvania rally (October 5, 2024)_chunk86.wav",False
444,"/Users/milanvaghani/Desktop/Unstructed Machine Learning/Audio Files/Donald Trump full speech at Pennsylvania rally (October 5, 2024)_chunk87.wav",False
445,"/Users/milanvaghani/Desktop/Unstructed Machine Learning/Audio Files/Donald Trump full speech at Pennsylvania rally (October 5, 2024)_chunk88.wav",False
446,"/Users/milanvaghani/Desktop/Unstructed Machine Learning/Audio Files/Donald Trump full speech at Pennsylvania rally (October 5, 2024)_chunk89.wav",False
447,"/Users/milanvaghani/Desktop/Unstructed Machine Learning/Audio Files/Donald Trump full speech at Pennsylvania rally (October 5, 2024)_chunk90.wav",False
448,"/Users/milanvaghani/Desktop/Unstructed Machine Learning/Audio Files/Donald Trump full speech at Pennsylvania rally (October 5, 2024)_chunk91.wav",False
449,"/Users/milanvaghani/Desktop/Unstructed Machine Learning/Audio Files/Donald Trump full speech at Pennsylvania rally (October 5, 2024)_chunk92.wav",False
450,"/Users/milanvaghani/Desktop/Unstructed Machine Learning/Audio Files/Donald Trump full speech at Pennsylvania rally (October 5, 2024)_chunk93.wav",False
451,"/Users/milanvaghani/Desktop/Unstructed Machine Learning/Audio Files/Donald Trump full speech at Pennsylvania rally (October 5, 2024)_chunk94.wav",False
452,"/Users/milanvaghani/Desktop/Unstructed Machine Learning/Audio Files/Donald Trump full speech at Pennsylvania rally (October 5, 2024)_chunk95.wav",False
453,"/Users/milanvaghani/Desktop/Unstructed Machine Learning/Audio Files/Donald Trump full speech at Pennsylvania rally (October 5, 2024)_chunk96.wav",False
454,"/Users/milanvaghani/Desktop/Unstructed Machine Learning/Audio Files/Donald Trump full speech at Pennsylvania rally (October 5, 2024)_chunk97.wav",False
455,"/Users/milanvaghani/Desktop/Unstructed Machine Learning/Audio Files/Donald Trump full speech at Pennsylvania rally (October 5, 2024)_chunk98.wav",False
456,"/Users/milanvaghani/Desktop/Unstructed Machine Learning/Audio Files/Donald Trump full speech at Pennsylvania rally (October 5, 2024)_chunk99.wav",False
457,"/Users/milanvaghani/Desktop/Unstructed Machine Learning/Audio Files/Donald Trump full speech at Pennsylvania rally (October 5, 2024)_chunk100.wav",False
458,"/Users/milanvaghani/Desktop/Unstructed Machine Learning/Audio Files/Donald Trump full speech at Pennsylvania rally (October 5, 2024)_chunk101.wav",False
459,"/Users/milanvaghani/Desktop/Unstructed Machine Learning/Audio Files/Donald Trump full speech at Pennsylvania rally (October 5, 2024)_chunk102.wav",False
460,"/Users/milanvaghani/Desktop/Unstructed Machine Learning/Audio Files/Donald Trump full speech at Pennsylvania rally (October 5, 2024)_chunk103.wav",False
461,"/Users/milanvaghani/Desktop/Unstructed Machine Learning/Audio Files/Donald Trump full speech at Pennsylvania rally (October 5, 2024)_chunk104.wav",False
462,"/Users/milanvaghani/Desktop/Unstructed Machine Learning/Audio Files/Donald Trump full speech at Pennsylvania rally (October 5, 2024)_chunk105.wav",False
463,"/Users/milanvaghani/Desktop/Unstructed Machine Learning/Audio Files/Donald Trump full speech at Pennsylvania rally (October 5, 2024)_chunk106.wav",False
464,"/Users/milanvaghani/Desktop/Unstructed Machine Learning/Audio Files/Donald Trump full speech at Pennsylvania rally (October 5, 2024)_chunk107.wav",False
465,"/Users/milanvaghani/Desktop/Unstructed Machine Learning/Audio Files/Donald Trump full speech at Pennsylvania rally (October 5, 2024)_chunk108.wav",False
466,"/Users/milanvaghani/Desktop/Unstructed Machine Learning/Audio Files/Donald Trump full speech at Pennsylvania rally (October 5, 2024)_chunk109.wav",False
467,"/Users/milanvaghani/Desktop/Unstructed Machine Learning/Audio Files/Donald Trump full speech at Pennsylvania rally (October 5, 2024)_chunk110.wav",False
468,"/Users/milanvaghani/Desktop/Unstructed Machine Learning/Audio Files/Donald Trump full speech at Pennsylvania rally (October 5, 2024)_chunk111.wav",False
469,"/Users/milanvaghani/Desktop/Unstructed Machine Learning/Audio Files/Donald Trump full speech at Pennsylvania rally (October 5, 2024)_chunk112.wav",False
470,"/Users/milanvaghani/Desktop/Unstructed Machine Learning/Audio Files/Donald Trump full speech at Pennsylvania rally (October 5, 2024)_chunk113.wav",False
471,"/Users/milanvaghani/Desktop/Unstructed Machine Learning/Audio Files/Donald Trump full speech at Pennsylvania rally (October 5, 2024)_chunk114.wav",False
472,"/Users/milanvaghani/Desktop/Unstructed Machine Learning/Audio Files/Donald Trump full speech at Pennsylvania rally (October 5, 2024)_chunk115.wav",False
473,"/Users/milanvaghani/Desktop/Unstructed Machine Learning/Audio Files/Donald Trump full speech at Pennsylvania rally (October 5, 2024)_chunk116.wav",False
474,"/Users/milanvaghani/Desktop/Unstructed Machine Learning/Audio Files/Donald Trump full speech at Pennsylvania rally (October 5, 2024)_chunk117.wav",False
475,"/Users/milanvaghani/Desktop/Unstructed Machine Learning/Audio Files/Donald Trump full speech at Pennsylvania rally (October 5, 2024)_chunk118.wav",False
476,"/Users/milanvaghani/Desktop/Unstructed Machine Learning/Audio Files/Donald Trump full speech at Pennsylvania rally (October 5, 2024)_chunk119.wav",False
477,"/Users/milanvaghani/Desktop/Unstructed Machine Learning/Audio Files/Donald Trump full speech at Pennsylvania rally (October 5, 2024)_chunk120.wav",False
478,"/Users/milanvaghani/Desktop/Unstructed Machine Learning/Audio Files/Donald Trump full speech at Pennsylvania rally (October 5, 2024)_chunk121.wav",False
479,"/Users/milanvaghani/Desktop/Unstructed Machine Learning/Audio Files/Donald Trump full speech at Pennsylvania rally (October 5, 2024)_chunk122.wav",False
480,"/Users/milanvaghani/Desktop/Unstructed Machine Learning/Audio Files/Donald Trump full speech at Pennsylvania rally (October 5, 2024)_chunk123.wav",False
481,"/Users/milanvaghani/Desktop/Unstructed Machine Learning/Audio Files/Donald Trump full speech at Pennsylvania rally (October 5, 2024)_chunk124.wav",False
482,"/Users/milanvaghani/Desktop/Unstructed Machine Learning/Audio Files/Donald Trump full speech at Pennsylvania rally (October 5, 2024)_chunk125.wav",False
483,"/Users/milanvaghani/Desktop/Unstructed Machine Learning/Audio Files/Donald Trump full speech at Pennsylvania rally (October 5, 2024)_chunk126.wav",False
484,"/Users/milanvaghani/Desktop/Unstructed Machine Learning/Audio Files/Donald Trump full speech at Pennsylvania rally (October 5, 2024)_chunk127.wav",False
485,"/Users/milanvaghani/Desktop/Unstructed Machine Learning/Audio Files/Donald Trump full speech at Pennsylvania rally (October 5, 2024)_chunk128.wav",False
486,"/Users/milanvaghani/Desktop/Unstructed Machine Learning/Audio Files/Donald Trump full speech at Pennsylvania rally (October 5, 2024)_chunk129.wav",False
487,"/Users/milanvaghani/Desktop/Unstructed Machine Learning/Audio Files/Donald Trump full speech at Pennsylvania rally (October 5, 2024)_chunk130.wav",False
488,"/Users/milanvaghani/Desktop/Unstructed Machine Learning/Audio Files/Donald Trump full speech at Pennsylvania rally (October 5, 2024)_chunk131.wav",False
489,"/Users/milanvaghani/Desktop/Unstructed Machine Learning/Audio Files/Donald Trump full speech at Pennsylvania rally (October 5, 2024)_chunk132.wav",True
490,"/Users/milanvaghani/Desktop/Unstructed Machine Learning/Audio Files/Donald Trump full speech at Pennsylvania rally (October 5, 2024)_chunk133.wav",True
491,"/Users/milanvaghani/Desktop/Unstructed Machine Learning/Audio Files/Donald Trump full speech at Pennsylvania rally (October 5, 2024)_chunk134.wav",False
492,"/Users/milanvaghani/Desktop/Unstructed Machine Learning/Audio Files/Donald Trump full speech at Pennsylvania rally (October 5, 2024)_chunk135.wav",False
493,"/Users/milanvaghani/Desktop/Unstructed Machine Learning/Audio Files/Donald Trump full speech at Pennsylvania rally (October 5, 2024)_chunk136.wav",False
494,"/Users/milanvaghani/Desktop/Unstructed Machine Learning/Audio Files/Donald Trump full speech at Pennsylvania rally (October 5, 2024)_chunk137.wav",False
495,"/Users/milanvaghani/Desktop/Unstructed Machine Learning/Audio Files/Donald Trump full speech at Pennsylvania rally (October 5, 2024)_chunk138.wav",True
496,"/Users/milanvaghani/Desktop/Unstructed Machine Learning/Audio Files/Donald Trump full speech at Pennsylvania rally (October 5, 2024)_chunk139.wav",False
497,"/Users/milanvaghani/Desktop/Unstructed Machine Learning/Audio Files/Donald Trump full speech at Pennsylvania rally (October 5, 2024)_chunk140.wav",False
498,"/Users/milanvaghani/Desktop/Unstructed Machine Learning/Audio Files/Donald Trump full speech at Pennsylvania rally (October 5, 2024)_chunk141.wav",False
499,"/Users/milanvaghani/Desktop/Unstructed Machine Learning/Audio Files/Donald Trump full speech at Pennsylvania rally (October 5, 2024)_chunk142.wav",False
500,"/Users/milanvaghani/Desktop/Unstructed Machine Learning/Audio Files/Donald Trump full speech at Pennsylvania rally (October 5, 2024)_chunk143.wav",False
501,"/Users/milanvaghani/Desktop/Unstructed Machine Learning/Audio Files/Donald Trump full speech at Pennsylvania rally (October 5, 2024)_chunk144.wav",False
502,"/Users/milanvaghani/Desktop/Unstructed Machine Learning/Audio Files/Donald Trump full speech at Pennsylvania rally (October 5, 2024)_chunk145.wav",True
503,"/Users/milanvaghani/Desktop/Unstructed Machine Learning/Audio Files/Donald Trump full speech at Pennsylvania rally (October 5, 2024)_chunk146.wav",False
504,"/Users/milanvaghani/Desktop/Unstructed Machine Learning/Audio Files/Donald Trump full speech at Pennsylvania rally (October 5, 2024)_chunk147.wav",False
505,"/Users/milanvaghani/Desktop/Unstructed Machine Learning/Audio Files/Donald Trump full speech at Pennsylvania rally (October 5, 2024)_chunk148.wav",False
506,"/Users/milanvaghani/Desktop/Unstructed Machine Learning/Audio Files/Donald Trump full speech at Pennsylvania rally (October 5, 2024)_chunk149.wav",False
507,"/Users/milanvaghani/Desktop/Unstructed Machine Learning/Audio Files/Donald Trump full speech at Pennsylvania rally (October 5, 2024)_chunk150.wav",False
508,"/Users/milanvaghani/Desktop/Unstructed Machine Learning/Audio Files/Donald Trump full speech at Pennsylvania rally (October 5, 2024)_chunk151.wav",False
509,"/Users/milanvaghani/Desktop/Unstructed Machine Learning/Audio Files/Donald Trump full speech at Pennsylvania rally (October 5, 2024)_chunk152.wav",False
510,"/Users/milanvaghani/Desktop/Unstructed Machine Learning/Audio Files/Donald Trump full speech at Pennsylvania rally (October 5, 2024)_chunk153.wav",True
511,"/Users/milanvaghani/Desktop/Unstructed Machine Learning/Audio Files/Donald Trump full speech at Pennsylvania rally (October 5, 2024)_chunk154.wav",False
512,"/Users/milanvaghani/Desktop/Unstructed Machine Learning/Audio Files/Donald Trump full speech at Pennsylvania rally (October 5, 2024)_chunk155.wav",False
513,"/Users/milanvaghani/Desktop/Unstructed Machine Learning/Audio Files/Donald Trump full speech at Pennsylvania rally (October 5, 2024)_chunk156.wav",False
514,"/Users/milanvaghani/Desktop/Unstructed Machine Learning/Audio Files/Donald Trump full speech at Pennsylvania rally (October 5, 2024)_chunk157.wav",False
515,"/Users/milanvaghani/Desktop/Unstructed Machine Learning/Audio Files/Donald Trump full speech at Pennsylvania rally (October 5, 2024)_chunk158.wav",False
516,"/Users/milanvaghani/Desktop/Unstructed Machine Learning/Audio Files/Donald Trump full speech at Pennsylvania rally (October 5, 2024)_chunk159.wav",False
517,"/Users/milanvaghani/Desktop/Unstructed Machine Learning/Audio Files/Donald Trump full speech at Pennsylvania rally (October 5, 2024)_chunk160.wav",False
518,"/Users/milanvaghani/Desktop/Unstructed Machine Learning/Audio Files/Donald Trump full speech at Pennsylvania rally (October 5, 2024)_chunk161.wav",False
519,"/Users/milanvaghani/Desktop/Unstructed Machine Learning/Audio Files/Donald Trump full speech at Pennsylvania rally (October 5, 2024)_chunk162.wav",False
520,"/Users/milanvaghani/Desktop/Unstructed Machine Learning/Audio Files/Donald Trump full speech at Pennsylvania rally (October 5, 2024)_chunk163.wav",False
521,"/Users/milanvaghani/Desktop/Unstructed Machine Learning/Audio Files/Donald Trump full speech at Pennsylvania rally (October 5, 2024)_chunk164.wav",False
522,"/Users/milanvaghani/Desktop/Unstructed Machine Learning/Audio Files/Donald Trump full speech at Pennsylvania rally (October 5, 2024)_chunk165.wav",True
523,"/Users/milanvaghani/Desktop/Unstructed Machine Learning/Audio Files/Donald Trump full speech at Pennsylvania rally (October 5, 2024)_chunk166.wav",False
524,"/Users/milanvaghani/Desktop/Unstructed Machine Learning/Audio Files/Donald Trump full speech at Pennsylvania rally (October 5, 2024)_chunk167.wav",False
525,"/Users/milanvaghani/Desktop/Unstructed Machine Learning/Audio Files/Donald Trump full speech at Pennsylvania rally (October 5, 2024)_chunk168.wav",False
526,"/Users/milanvaghani/Desktop/Unstructed Machine Learning/Audio Files/Donald Trump full speech at Pennsylvania rally (October 5, 2024)_chunk169.wav",False
527,"/Users/milanvaghani/Desktop/Unstructed Machine Learning/Audio Files/Donald Trump full speech at Pennsylvania rally (October 5, 2024)_chunk170.wav",True
528,"/Users/milanvaghani/Desktop/Unstructed Machine Learning/Audio Files/Donald Trump full speech at Pennsylvania rally (October 5, 2024)_chunk171.wav",False
529,"/Users/milanvaghani/Desktop/Unstructed Machine Learning/Audio Files/Donald Trump full speech at Pennsylvania rally (October 5, 2024)_chunk172.wav",False
530,"/Users/milanvaghani/Desktop/Unstructed Machine Learning/Audio Files/Donald Trump full speech at Pennsylvania rally (October 5, 2024)_chunk173.wav",False
531,"/Users/milanvaghani/Desktop/Unstructed Machine Learning/Audio Files/Donald Trump full speech at Pennsylvania rally (October 5, 2024)_chunk174.wav",False
532,"/Users/milanvaghani/Desktop/Unstructed Machine Learning/Audio Files/Donald Trump full speech at Pennsylvania rally (October 5, 2024)_chunk175.wav",False
533,"/Users/milanvaghani/Desktop/Unstructed Machine Learning/Audio Files/Donald Trump full speech at Pennsylvania rally (October 5, 2024)_chunk176.wav",False
534,"/Users/milanvaghani/Desktop/Unstructed Machine Learning/Audio Files/Donald Trump full speech at Pennsylvania rally (October 5, 2024)_chunk177.wav",False
535,"/Users/milanvaghani/Desktop/Unstructed Machine Learning/Audio Files/Donald Trump full speech at Pennsylvania rally (October 5, 2024)_chunk178.wav",False
536,"/Users/milanvaghani/Desktop/Unstructed Machine Learning/Audio Files/Donald Trump full speech at Pennsylvania rally (October 5, 2024)_chunk179.wav",False
537,"/Users/milanvaghani/Desktop/Unstructed Machine Learning/Audio Files/Donald Trump full speech at Pennsylvania rally (October 5, 2024)_chunk180.wav",False
